semana;data;pais;estado;cidade;novosObitos;Obitos;novosCasos;Casos;obitosMS;casosMS;obitos_por_100k;casos_por_100k;obitos_por_casos;recuperados;suspeitos;testes;testes_por_100k;mes;dia_da_semana;mediaObitos_7;mediaObitos_14;mediaCasos_7;mediaCasos_14;aceleracaoNovosCasos;aceleracaoObitos
9;2020-02-25;Brazil;SP;TOTAL;0;0;1;1;0;0;0.0;0.00218;0.0;0.0;0.0;0.0;0.0;2;Tuesday;;;;;;
9;2020-02-26;Brazil;SP;TOTAL;0;0;0;1;0;1;0.0;0.00218;0.0;0.0;0.0;0.0;0.0;2;Wednesday;;;;;-1.0;0.0
9;2020-02-27;Brazil;SP;TOTAL;0;0;0;1;0;1;0.0;0.00218;0.0;0.0;0.0;0.0;0.0;2;Thursday;;;;;0.0;0.0
9;2020-02-28;Brazil;SP;TOTAL;0;0;1;2;0;1;0.0;0.00436;0.0;0.0;0.0;0.0;0.0;2;Friday;;;;;1.0;0.0
9;2020-02-29;Brazil;SP;TOTAL;0;0;0;2;0;2;0.0;0.00436;0.0;0.0;0.0;0.0;0.0;2;Saturday;;;;;-1.0;0.0
10;2020-03-01;Brazil;SP;TOTAL;0;0;0;2;0;2;0.0;0.00436;0.0;0.0;0.0;0.0;0.0;3;Sunday;;;;;0.0;0.0
10;2020-03-02;Brazil;SP;TOTAL;0;0;0;2;0;2;0.0;0.00436;0.0;0.0;0.0;0.0;0.0;3;Monday;0.0;;0.2857142857142857;;0.0;0.0
10;2020-03-03;Brazil;SP;TOTAL;0;0;0;2;0;2;0.0;0.00436;0.0;0.0;0.0;0.0;0.0;3;Tuesday;0.0;;0.14285714285714285;;0.0;0.0
10;2020-03-04;Brazil;SP;TOTAL;0;0;1;3;0;3;0.0;0.00653;0.0;0.0;0.0;0.0;0.0;3;Wednesday;0.0;;0.2857142857142857;;1.0;0.0
10;2020-03-05;Brazil;SP;TOTAL;0;0;3;6;0;6;0.0;0.01307;0.0;0.0;0.0;0.0;0.0;3;Thursday;0.0;;0.7142857142857143;;2.0;0.0
10;2020-03-06;Brazil;SP;TOTAL;0;0;4;10;0;10;0.0;0.02178;0.0;0.0;0.0;0.0;0.0;3;Friday;0.0;;1.1428571428571428;;1.0;0.0
10;2020-03-07;Brazil;SP;TOTAL;0;0;3;13;0;13;0.0;0.02831;0.0;0.0;0.0;0.0;0.0;3;Saturday;0.0;;1.5714285714285714;;-1.0;0.0
11;2020-03-08;Brazil;SP;TOTAL;0;0;3;16;0;16;0.0;0.03484;0.0;0.0;0.0;0.0;0.0;3;Sunday;0.0;;2.0;;0.0;0.0
11;2020-03-09;Brazil;SP;TOTAL;0;0;0;16;0;16;0.0;0.03484;0.0;0.0;0.0;0.0;0.0;3;Monday;0.0;0.0;2.0;1.1428571428571428;-3.0;0.0
11;2020-03-10;Brazil;SP;TOTAL;0;0;3;19;0;19;0.0;0.04138;0.0;0.0;0.0;0.0;0.0;3;Tuesday;0.0;0.0;2.4285714285714284;1.2857142857142858;3.0;0.0
11;2020-03-11;Brazil;SP;TOTAL;0;0;11;30;0;30;0.0;0.06533;0.0;0.0;0.0;0.0;0.0;3;Wednesday;0.0;0.0;3.857142857142857;2.0714285714285716;8.0;0.0
11;2020-03-12;Brazil;SP;TOTAL;0;0;16;46;0;42;0.0;0.10018;0.0;0.0;0.0;0.0;0.0;3;Thursday;0.0;0.0;5.714285714285714;3.2142857142857144;5.0;0.0
11;2020-03-13;Brazil;SP;TOTAL;0;0;10;56;0;56;0.0;0.12195;0.0;0.0;0.0;0.0;0.0;3;Friday;0.0;0.0;6.571428571428571;3.857142857142857;-6.0;0.0
11;2020-03-14;Brazil;SP;TOTAL;0;0;9;65;0;65;0.0;0.14155;0.0;0.0;0.0;0.0;0.0;3;Saturday;0.0;0.0;7.428571428571429;4.5;-1.0;0.0
12;2020-03-15;Brazil;SP;TOTAL;0;0;71;136;0;136;0.0;0.29617;0.0;0.0;0.0;0.0;0.0;3;Sunday;0.0;0.0;17.142857142857142;9.571428571428571;62.0;0.0
12;2020-03-16;Brazil;SP;TOTAL;0;0;16;152;0;152;0.0;0.33102;0.0;0.0;0.0;0.0;0.0;3;Monday;0.0;0.0;19.428571428571427;10.714285714285714;-55.0;0.0
12;2020-03-17;Brazil;SP;TOTAL;1;1;12;164;1;164;0.00218;0.35715;0.0061;0.0;0.0;0.0;0.0;3;Tuesday;0.14285714285714285;0.07142857142857142;20.714285714285715;11.571428571428571;-4.0;1.0
12;2020-03-18;Brazil;SP;TOTAL;3;4;77;241;4;240;0.00871;0.52484;0.0166;0.0;0.0;0.0;0.0;3;Wednesday;0.5714285714285714;0.2857142857142857;30.142857142857142;17.0;65.0;2.0
12;2020-03-19;Brazil;SP;TOTAL;1;5;45;286;4;286;0.01089;0.62284;0.01748;0.0;0.0;0.0;0.0;3;Thursday;0.7142857142857143;0.35714285714285715;34.285714285714285;20.0;-32.0;-2.0
12;2020-03-20;Brazil;SP;TOTAL;4;9;110;396;9;396;0.0196;0.86239;0.02273;0.0;0.0;0.0;0.0;3;Friday;1.2857142857142858;0.6428571428571429;48.57142857142857;27.571428571428573;65.0;3.0
12;2020-03-21;Brazil;SP;TOTAL;6;15;63;459;15;459;0.03267;0.99959;0.03268;0.0;0.0;0.0;0.0;3;Saturday;2.142857142857143;1.0714285714285714;56.285714285714285;31.857142857142858;-47.0;2.0
13;2020-03-22;Brazil;SP;TOTAL;7;22;172;631;22;631;0.04791;1.37416;0.03487;0.0;0.0;0.0;0.0;3;Sunday;3.142857142857143;1.5714285714285714;70.71428571428571;43.92857142857143;109.0;1.0
13;2020-03-23;Brazil;SP;TOTAL;8;30;114;745;30;745;0.06533;1.62242;0.04027;0.0;4743.0;0.0;0.0;3;Monday;4.285714285714286;2.142857142857143;84.71428571428571;52.07142857142857;-58.0;1.0
13;2020-03-24;Brazil;SP;TOTAL;10;40;65;810;40;810;0.08711;1.76397;0.04938;1.0;4572.0;0.0;0.0;3;Tuesday;5.571428571428571;2.857142857142857;92.28571428571429;56.5;-49.0;2.0
13;2020-03-25;Brazil;SP;TOTAL;8;48;52;862;48;862;0.10453;1.87722;0.05568;1.0;4300.0;0.0;0.0;3;Wednesday;6.285714285714286;3.4285714285714284;88.71428571428571;59.42857142857143;-13.0;-2.0
13;2020-03-26;Brazil;SP;TOTAL;10;58;191;1053;58;1052;0.12631;2.29317;0.05508;1.0;14312.0;0.0;0.0;3;Thursday;7.571428571428571;4.142857142857143;109.57142857142857;71.92857142857143;139.0;2.0
13;2020-03-27;Brazil;SP;TOTAL;10;68;170;1223;68;1223;0.14809;2.66338;0.0556;1.0;14312.0;0.0;0.0;3;Friday;8.428571428571429;4.857142857142857;118.14285714285714;83.35714285714286;-21.0;0.0
13;2020-03-28;Brazil;SP;TOTAL;16;84;183;1406;84;1406;0.18293;3.06191;0.05974;1.0;14312.0;0.0;0.0;3;Saturday;9.857142857142858;6.0;135.28571428571428;95.78571428571429;13.0;6.0
14;2020-03-29;Brazil;SP;TOTAL;14;98;45;1451;98;1451;0.21342;3.15991;0.06754;1.0;14312.0;0.0;0.0;3;Sunday;10.857142857142858;7.0;117.14285714285714;93.92857142857143;-138.0;-2.0
14;2020-03-30;Brazil;SP;TOTAL;15;113;66;1517;113;1517;0.24609;3.30364;0.07449;1.0;12000.0;0.0;0.0;3;Monday;11.857142857142858;8.071428571428571;110.28571428571429;97.5;21.0;1.0
14;2020-03-31;Brazil;SP;TOTAL;23;136;822;2339;136;2339;0.29617;5.09375;0.05814;1.0;12000.0;0.0;0.0;3;Tuesday;13.714285714285714;9.642857142857142;218.42857142857142;155.35714285714286;756.0;8.0
14;2020-04-01;Brazil;SP;TOTAL;28;164;642;2981;164;2981;0.35715;6.49186;0.05502;1.0;12000.0;0.0;0.0;4;Wednesday;16.571428571428573;11.428571428571429;302.7142857142857;195.71428571428572;-180.0;5.0
14;2020-04-02;Brazil;SP;TOTAL;24;188;525;3506;188;3506;0.40942;7.63518;0.05362;1.0;12000.0;0.0;0.0;4;Thursday;18.571428571428573;13.071428571428571;350.42857142857144;230.0;-117.0;-4.0
14;2020-04-03;Brazil;SP;TOTAL;31;219;542;4048;219;4048;0.47693;8.81551;0.0541;1.0;12000.0;0.0;0.0;4;Friday;21.571428571428573;15.0;403.57142857142856;260.85714285714283;17.0;7.0
14;2020-04-04;Brazil;SP;TOTAL;41;260;418;4466;260;4466;0.56621;9.72581;0.05822;1.0;12000.0;0.0;0.0;4;Saturday;25.142857142857142;17.5;437.14285714285717;286.2142857142857;-124.0;10.0
15;2020-04-05;Brazil;SP;TOTAL;15;275;154;4620;275;4620;0.59888;10.06118;0.05952;1.0;12000.0;0.0;0.0;4;Sunday;25.285714285714285;18.071428571428573;452.7142857142857;284.92857142857144;-264.0;-26.0
15;2020-04-06;Brazil;SP;TOTAL;29;304;246;4866;304;4866;0.66203;10.59691;0.06247;1.0;12000.0;0.0;0.0;4;Monday;27.285714285714285;19.571428571428573;478.42857142857144;294.35714285714283;92.0;14.0
15;2020-04-07;Brazil;SP;TOTAL;67;371;816;5682;371;5682;0.80794;12.37395;0.06529;1.0;17000.0;0.0;0.0;4;Tuesday;33.57142857142857;23.642857142857142;477.57142857142856;348.0;570.0;38.0
15;2020-04-08;Brazil;SP;TOTAL;57;428;1026;6708;428;6708;0.93208;14.60832;0.0638;1.0;17000.0;0.0;0.0;4;Wednesday;37.714285714285715;27.142857142857142;532.4285714285714;417.57142857142856;210.0;-10.0
15;2020-04-09;Brazil;SP;TOTAL;68;496;772;7480;496;7480;1.08016;16.28954;0.06631;1.0;17000.0;0.0;0.0;4;Thursday;44.0;31.285714285714285;567.7142857142857;459.07142857142856;-254.0;11.0
15;2020-04-10;Brazil;SP;TOTAL;44;540;736;8216;540;8216;1.17598;17.89236;0.06573;1.0;30000.0;0.0;0.0;4;Friday;45.857142857142854;33.714285714285715;595.4285714285714;499.5;-36.0;-24.0
15;2020-04-11;Brazil;SP;TOTAL;20;560;203;8419;560;8419;1.21954;18.33444;0.06652;1.0;30000.0;0.0;0.0;4;Saturday;42.857142857142854;34.0;564.7142857142857;500.92857142857144;-533.0;-24.0
16;2020-04-12;Brazil;SP;TOTAL;28;588;336;8755;588;8755;1.28051;19.06616;0.06716;1.0;30000.0;0.0;0.0;4;Sunday;44.714285714285715;35.0;590.7142857142857;521.7142857142857;133.0;8.0
16;2020-04-13;Brazil;SP;TOTAL;20;608;140;8895;608;8895;1.32407;19.37105;0.06835;1524.0;30000.0;0.0;0.0;4;Monday;43.42857142857143;35.357142857142854;575.5714285714286;527.0;-196.0;-8.0
16;2020-04-14;Brazil;SP;TOTAL;87;695;476;9371;695;9371;1.51353;20.40765;0.07416;1524.0;30000.0;0.0;0.0;4;Tuesday;46.285714285714285;39.92857142857143;527.0;502.2857142857143;336.0;67.0
16;2020-04-15;Brazil;SP;TOTAL;83;778;1672;11043;778;11043;1.69429;24.04884;0.07045;1524.0;28467.0;0.0;0.0;4;Wednesday;50.0;43.857142857142854;619.2857142857143;575.8571428571429;1196.0;-4.0
16;2020-04-16;Brazil;SP;TOTAL;75;853;525;11568;853;11568;1.85762;25.19216;0.07374;1524.0;32859.0;0.0;0.0;4;Thursday;51.0;47.5;584.0;575.8571428571429;-1147.0;-8.0
16;2020-04-17;Brazil;SP;TOTAL;75;928;1273;12841;928;12841;2.02095;27.96443;0.07227;1524.0;35410.0;0.0;0.0;4;Friday;55.42857142857143;50.642857142857146;660.7142857142857;628.0714285714286;748.0;0.0
16;2020-04-18;Brazil;SP;TOTAL;63;991;1053;13894;991;13894;2.15815;30.2576;0.07133;1524.0;39302.0;0.0;0.0;4;Saturday;61.57142857142857;52.214285714285715;782.1428571428571;673.4285714285714;-220.0;-12.0
17;2020-04-19;Brazil;SP;TOTAL;24;1015;373;14267;1015;14267;2.21041;31.06989;0.07114;1524.0;40542.0;0.0;0.0;4;Sunday;61.0;52.857142857142854;787.4285714285714;689.0714285714286;-680.0;-39.0
17;2020-04-20;Brazil;SP;TOTAL;22;1037;313;14580;1037;14580;2.25832;31.75153;0.07112;1524.0;41215.0;0.0;0.0;4;Monday;61.285714285714285;52.357142857142854;812.1428571428571;693.8571428571429;-60.0;-2.0
17;2020-04-21;Brazil;SP;TOTAL;56;1093;805;15385;1093;15385;2.38028;33.50461;0.07104;1524.0;44003.0;0.0;0.0;4;Tuesday;56.857142857142854;51.57142857142857;859.1428571428571;693.0714285714286;492.0;34.0
17;2020-04-22;Brazil;SP;TOTAL;41;1134;529;15914;1134;15914;2.46956;34.65664;0.07126;1524.0;44144.0;0.0;0.0;4;Wednesday;50.857142857142854;50.42857142857143;695.8571428571429;657.5714285714286;-276.0;-15.0
17;2020-04-23;Brazil;SP;TOTAL;211;1345;826;16740;1345;16740;2.92907;36.45546;0.08035;1524.0;45518.0;0.0;0.0;4;Thursday;70.28571428571429;60.642857142857146;738.8571428571429;661.4285714285714;297.0;170.0
17;2020-04-24;Brazil;SP;TOTAL;167;1512;1086;17826;1512;17826;3.29275;38.82049;0.08482;1524.0;48130.0;0.0;0.0;4;Friday;83.42857142857143;69.42857142857143;712.1428571428571;686.4285714285714;260.0;-44.0
17;2020-04-25;Brazil;SP;TOTAL;155;1667;2178;20004;1667;20004;3.6303;43.56362;0.08333;1524.0;54663.0;0.0;0.0;4;Saturday;96.57142857142857;79.07142857142857;872.8571428571429;827.5;1092.0;-12.0
18;2020-04-26;Brazil;SP;TOTAL;33;1700;711;20715;1700;20715;3.70217;45.112;0.08207;1524.0;55402.0;35600.0;77.52774;4;Sunday;97.85714285714286;79.42857142857143;921.1428571428571;854.2857142857143;-1467.0;-122.0
18;2020-04-27;Brazil;SP;TOTAL;125;1825;981;21696;1825;21696;3.97439;47.24837;0.08412;1524.0;56584.0;35600.0;77.52774;4;Monday;112.57142857142857;86.92857142857143;1016.5714285714286;914.3571428571429;270.0;92.0
18;2020-04-28;Brazil;SP;TOTAL;224;2049;2345;24041;2049;24041;4.4622;52.35518;0.08523;1524.0;57931.0;35600.0;77.52774;4;Tuesday;136.57142857142858;96.71428571428571;1236.5714285714287;1047.857142857143;1364.0;99.0
18;2020-04-29;Brazil;SP;TOTAL;198;2247;2117;26158;2247;26158;4.89339;56.96547;0.0859;1524.0;57800.0;35600.0;77.52774;4;Wednesday;159.0;104.92857142857143;1463.4285714285713;1079.642857142857;-228.0;-26.0
18;2020-04-30;Brazil;SP;TOTAL;128;2375;2540;28698;2375;28698;5.17215;62.49694;0.08276;1524.0;71855.0;35600.0;77.52774;4;Thursday;147.14285714285714;108.71428571428571;1708.2857142857142;1223.5714285714287;423.0;-70.0
18;2020-05-01;Brazil;SP;TOTAL;136;2511;1676;30374;2511;30374;5.46832;66.14684;0.08267;1524.0;77897.0;35600.0;77.52774;5;Friday;142.71428571428572;113.07142857142857;1792.5714285714287;1252.357142857143;-864.0;8.0
18;2020-05-02;Brazil;SP;TOTAL;75;2586;800;31174;2586;31174;5.63165;67.88904;0.08295;1524.0;77897.0;35600.0;77.52774;5;Saturday;131.28571428571428;113.92857142857143;1595.7142857142858;1234.2857142857142;-876.0;-61.0
19;2020-05-03;Brazil;SP;TOTAL;41;2627;598;31772;2627;31772;5.72094;69.19133;0.08268;1524.0;81543.0;35600.0;77.52774;5;Sunday;132.42857142857142;115.14285714285714;1579.5714285714287;1250.357142857143;-202.0;-34.0
19;2020-05-04;Brazil;SP;TOTAL;27;2654;415;32187;2654;32187;5.77974;70.09509;0.08246;1524.0;81543.0;35600.0;77.52774;5;Monday;118.42857142857143;115.5;1498.7142857142858;1257.642857142857;-183.0;-14.0
19;2020-05-05;Brazil;SP;TOTAL;197;2851;1866;34053;2851;34053;6.20875;74.15877;0.08372;1524.0;81543.0;35600.0;77.52774;5;Tuesday;114.57142857142857;125.57142857142857;1430.2857142857142;1333.4285714285713;1451.0;170.0
19;2020-05-06;Brazil;SP;TOTAL;194;3045;3800;37853;3045;37853;6.63123;82.4342;0.08044;1524.0;93312.0;35600.0;77.52774;5;Wednesday;114.0;136.5;1670.7142857142858;1567.0714285714287;1934.0;-3.0
19;2020-05-07;Brazil;SP;TOTAL;161;3206;2075;39928;3206;39928;6.98185;86.95302;0.08029;1524.0;98448.0;35600.0;77.52774;5;Thursday;118.71428571428571;132.92857142857142;1604.2857142857142;1656.2857142857142;-1725.0;-33.0
19;2020-05-08;Brazil;SP;TOTAL;210;3416;1902;41830;3416;41830;7.43918;91.09509;0.08166;1524.0;103246.0;35600.0;77.52774;5;Friday;129.28571428571428;136.0;1636.5714285714287;1714.5714285714287;-173.0;49.0
19;2020-05-09;Brazil;SP;TOTAL;192;3608;2581;44411;3608;44411;7.85731;96.71585;0.08124;1524.0;107441.0;35600.0;77.52774;5;Saturday;146.0;138.64285714285714;1891.0;1743.357142857143;679.0;-18.0
20;2020-05-10;Brazil;SP;TOTAL;101;3709;1033;45444;3709;45444;8.07726;98.96546;0.08162;1524.0;109207.0;35600.0;77.52774;5;Sunday;154.57142857142858;143.5;1953.142857142857;1766.357142857143;-1548.0;-91.0
20;2020-05-11;Brazil;SP;TOTAL;34;3743;687;46131;3743;46131;8.1513;100.46158;0.08114;1524.0;109356.0;35600.0;77.52774;5;Monday;155.57142857142858;137.0;1992.0;1745.357142857143;-346.0;-67.0
20;2020-05-12;Brazil;SP;TOTAL;206;3949;1588;47719;3949;47719;8.59992;103.91984;0.08276;1524.0;113408.0;35600.0;77.52774;5;Tuesday;156.85714285714286;135.71428571428572;1952.2857142857142;1691.2857142857142;901.0;172.0
20;2020-05-13;Brazil;SP;TOTAL;169;4118;3378;51097;4118;51097;8.96796;111.27626;0.08059;1524.0;113408.0;35600.0;77.52774;5;Wednesday;153.28571428571428;133.64285714285714;1892.0;1781.357142857143;1790.0;-37.0
20;2020-05-14;Brazil;SP;TOTAL;197;4315;3189;54286;4315;54286;9.39697;118.22109;0.07949;1524.0;125215.0;35600.0;77.52774;5;Thursday;158.42857142857142;138.57142857142858;2051.1428571428573;1827.7142857142858;-189.0;28.0
20;2020-05-15;Brazil;SP;TOTAL;186;4501;4092;58378;4501;58378;9.80203;127.13242;0.0771;1524.0;131008.0;35600.0;77.52774;5;Friday;155.0;142.14285714285714;2364.0;2000.2857142857142;903.0;-11.0
20;2020-05-16;Brazil;SP;TOTAL;187;4688;2805;61183;4688;61183;10.20927;133.241;0.07662;1524.0;135348.0;35600.0;77.52774;5;Saturday;154.28571428571428;150.14285714285714;2396.0;2143.5;-1287.0;1.0
21;2020-05-17;Brazil;SP;TOTAL;94;4782;1162;62345;4782;62345;10.41398;135.77154;0.0767;1524.0;135381.0;35600.0;77.52774;5;Sunday;153.28571428571428;153.92857142857142;2414.4285714285716;2183.785714285714;-1643.0;-93.0
21;2020-05-18;Brazil;SP;TOTAL;41;4823;721;63066;4823;63066;10.50327;137.34169;0.07648;1524.0;137386.0;35600.0;77.52774;5;Monday;154.28571428571428;154.92857142857142;2419.285714285714;2205.6428571428573;-441.0;-53.0
21;2020-05-19;Brazil;SP;TOTAL;324;5147;2929;65995;5147;65995;11.20886;143.72031;0.07799;1524.0;142455.0;35600.0;77.52774;5;Tuesday;171.14285714285714;164.0;2610.8571428571427;2281.5714285714284;2208.0;283.0
21;2020-05-20;Brazil;SP;TOTAL;216;5363;3864;69859;5363;69859;11.67925;152.13512;0.07677;1524.0;147991.0;35600.0;77.52774;5;Wednesday;177.85714285714286;165.57142857142858;2680.285714285714;2286.1428571428573;935.0;-108.0
21;2020-05-21;Brazil;SP;TOTAL;195;5558;3880;73739;5558;73739;12.10391;160.58477;0.07537;1524.0;151965.0;35600.0;77.52774;5;Thursday;177.57142857142858;168.0;2779.0;2415.0714285714284;16.0;-21.0
21;2020-05-22;Brazil;SP;TOTAL;215;5773;3132;76871;5773;76871;12.57212;167.40547;0.0751;1524.0;151965.0;35600.0;77.52774;5;Friday;181.71428571428572;168.35714285714286;2641.8571428571427;2502.9285714285716;-748.0;20.0
21;2020-05-23;Brazil;SP;TOTAL;272;6045;3687;80558;6045;80558;13.16447;175.43482;0.07504;15296.0;156729.0;35600.0;77.52774;5;Saturday;193.85714285714286;174.07142857142858;2767.8571428571427;2581.9285714285716;555.0;57.0
22;2020-05-24;Brazil;SP;TOTAL;118;6163;1603;82161;6163;82161;13.42145;178.92574;0.07501;16494.0;166603.0;35600.0;77.52774;5;Sunday;197.28571428571428;175.28571428571428;2830.8571428571427;2622.6428571428573;-2084.0;-154.0
22;2020-05-25;Brazil;SP;TOTAL;57;6220;1464;83625;6220;83625;13.54558;182.11396;0.07438;16814.0;164677.0;35600.0;77.52774;5;Monday;199.57142857142858;176.92857142857142;2937.0;2678.1428571428573;-139.0;-61.0
22;2020-05-26;Brazil;SP;TOTAL;203;6423;2392;86017;6423;86017;13.98766;187.32313;0.07467;17589.0;164677.0;35600.0;77.52774;5;Tuesday;182.28571428571428;176.71428571428572;2860.285714285714;2735.5714285714284;928.0;146.0
22;2020-05-27;Brazil;SP;TOTAL;289;6712;3466;89483;6712;89483;14.61703;194.8712;0.07501;18245.0;180720.0;35600.0;77.52774;5;Wednesday;192.71428571428572;185.28571428571428;2803.4285714285716;2741.8571428571427;1074.0;86.0
22;2020-05-28;Brazil;SP;TOTAL;268;6980;6382;95865;6980;95865;15.20066;208.76957;0.07281;18955.0;180562.0;87463.0;190.47215;5;Thursday;203.14285714285714;190.35714285714286;3160.8571428571427;2969.9285714285716;2916.0;-21.0
22;2020-05-29;Brazil;SP;TOTAL;295;7275;5691;101556;7275;101556;15.8431;221.16312;0.07164;19665.0;185082.0;87463.0;190.47215;5;Friday;214.57142857142858;198.14285714285714;3526.4285714285716;3084.1428571428573;-691.0;27.0
22;2020-05-30;Brazil;SP;TOTAL;257;7532;5586;107142;7532;107142;16.40278;233.328;0.0703;49295.0;192785.0;87463.0;190.47215;5;Saturday;212.42857142857142;203.14285714285714;3797.714285714286;3282.785714285714;-105.0;-38.0
23;2020-05-31;Brazil;SP;TOTAL;83;7615;2556;109698;7615;109698;16.58353;238.89432;0.06942;49295.0;194413.0;87463.0;190.47215;5;Sunday;207.42857142857142;202.35714285714286;3933.8571428571427;3382.3571428571427;-3030.0;-174.0
23;2020-06-01;Brazil;SP;TOTAL;52;7667;1598;111296;7667;111296;16.69677;242.37436;0.06889;49295.0;191006.0;87463.0;190.47215;6;Monday;206.71428571428572;203.14285714285714;3953.0;3445.0;-958.0;-31.0
23;2020-06-02;Brazil;SP;TOTAL;327;7994;6999;118295;7994;118295;17.4089;257.6164;0.06758;49295.0;195171.0;87463.0;190.47215;6;Tuesday;224.42857142857142;203.35714285714286;4611.142857142857;3735.714285714286;5401.0;275.0
23;2020-06-03;Brazil;SP;TOTAL;282;8276;5188;123483;8276;123483;18.02302;268.91454;0.06702;49295.0;205401.0;87463.0;190.47215;6;Wednesday;223.42857142857142;208.07142857142858;4857.142857142857;3830.285714285714;-1811.0;-45.0
23;2020-06-04;Brazil;SP;TOTAL;285;8561;5717;129200;8560;129200;18.64368;281.36471;0.06626;49295.0;205401.0;87463.0;190.47215;6;Thursday;225.85714285714286;214.5;4762.142857142857;3961.5;529.0;3.0
23;2020-06-05;Brazil;SP;TOTAL;281;8842;5365;134565;8842;134565;19.25563;293.04832;0.06571;49295.0;205401.0;136612.0;297.50616;6;Friday;223.85714285714286;219.21428571428572;4715.571428571428;4121.0;-352.0;-4.0
23;2020-06-06;Brazil;SP;TOTAL;216;9058;5984;140549;9058;140549;19.72602;306.07995;0.06445;49295.0;217754.0;136612.0;297.50616;6;Saturday;218.0;215.21428571428572;4772.428571428572;4285.071428571428;619.0;-65.0
24;2020-06-07;Brazil;SP;TOTAL;87;9145;2524;143073;9145;143073;19.91548;311.57657;0.06392;49295.0;219360.0;136612.0;297.50616;6;Sunday;218.57142857142858;213.0;4767.857142857143;4350.857142857143;-3460.0;-129.0
24;2020-06-08;Brazil;SP;TOTAL;43;9188;1520;144593;9188;144593;20.00913;314.88675;0.06354;49295.0;221004.0;136612.0;297.50616;6;Monday;217.28571428571428;212.0;4756.714285714285;4354.857142857143;-1004.0;-44.0
24;2020-06-09;Brazil;SP;TOTAL;334;9522;5545;150138;9522;150138;20.73649;326.96235;0.06342;49295.0;221004.0;146788.0;319.6669;6;Tuesday;218.28571428571428;221.35714285714286;4549.0;4580.071428571428;4025.0;291.0
24;2020-06-10;Brazil;SP;TOTAL;340;9862;6178;156316;9862;156316;21.47693;340.41646;0.06309;49295.0;221004.0;146788.0;319.6669;6;Wednesday;226.57142857142858;225.0;4690.428571428572;4773.785714285715;633.0;6.0
24;2020-06-11;Brazil;SP;TOTAL;283;10145;6204;162520;10145;162520;22.09323;353.92719;0.06242;49295.0;228808.0;146788.0;319.6669;6;Thursday;226.28571428571428;226.07142857142858;4760.0;4761.071428571428;26.0;-57.0
24;2020-06-12;Brazil;SP;TOTAL;223;10368;5380;167900;10368;167900;22.57886;365.64346;0.06175;49295.0;228808.0;146788.0;319.6669;6;Friday;218.0;220.92857142857142;4762.142857142857;4738.857142857143;-824.0;-60.0
24;2020-06-13;Brazil;SP;TOTAL;213;10581;4975;172875;10581;172875;23.04272;376.47774;0.06121;49295.0;234689.0;147101.0;320.34853;6;Saturday;217.57142857142858;217.78571428571428;4618.0;4695.214285714285;-405.0;-10.0
25;2020-06-14;Brazil;SP;TOTAL;113;10694;5327;178202;10694;178202;23.28881;388.07859;0.06001;49295.0;234689.0;147101.0;320.34853;6;Sunday;221.28571428571428;219.92857142857142;5018.428571428572;4893.142857142857;352.0;-100.0
25;2020-06-15;Brazil;SP;TOTAL;73;10767;3258;181460;10767;181460;23.44779;395.17369;0.05934;49295.0;228568.0;147101.0;320.34853;6;Monday;225.57142857142858;221.42857142857142;5266.714285714285;5011.714285714285;-2069.0;-40.0
25;2020-06-16;Brazil;SP;TOTAL;365;11132;8825;190285;11132;190285;24.24266;414.39229;0.0585;49295.0;228568.0;147101.0;320.34853;6;Tuesday;230.0;224.14285714285714;5735.285714285715;5142.142857142857;5567.0;292.0
25;2020-06-17;Brazil;SP;TOTAL;389;11521;1232;191517;11521;191517;25.08981;417.07528;0.06016;49295.0;235037.0;169338.0;368.77506;6;Wednesday;237.0;231.78571428571428;5028.714285714285;4859.571428571428;-7593.0;24.0
25;2020-06-18;Brazil;SP;TOTAL;325;11846;1111;192628;11846;192628;25.79757;419.49475;0.0615;49295.0;235037.0;602384.0;1311.83901;6;Thursday;243.0;234.64285714285714;4301.142857142857;4530.571428571428;-121.0;-64.0
25;2020-06-19;Brazil;SP;TOTAL;386;12232;19030;211658;12232;211658;26.63818;460.93725;0.05779;49295.0;235037.0;602384.0;1311.83901;6;Friday;266.2857142857143;242.14285714285714;6251.142857142857;5506.642857142857;17919.0;61.0
25;2020-06-20;Brazil;SP;TOTAL;262;12494;4135;215793;12494;215793;27.20875;469.94222;0.0579;49295.0;244172.0;602384.0;1311.83901;6;Saturday;273.2857142857143;245.42857142857142;6131.142857142857;5374.571428571428;-14895.0;-124.0
26;2020-06-21;Brazil;SP;TOTAL;94;12588;3392;219185;12588;219185;27.41346;477.32914;0.05743;49295.0;244172.0;602384.0;1311.83901;6;Sunday;270.57142857142856;245.92857142857142;5854.714285714285;5436.571428571428;-743.0;-168.0
26;2020-06-22;Brazil;SP;TOTAL;46;12634;2788;221973;12634;221973;27.51364;483.40069;0.05692;49295.0;244172.0;602384.0;1311.83901;6;Monday;266.7142857142857;246.14285714285714;5787.571428571428;5527.142857142857;-604.0;-48.0
26;2020-06-23;Brazil;SP;TOTAL;434;13068;7502;229475;13068;229475;28.45878;499.73814;0.05695;49295.0;246892.0;602384.0;1311.83901;6;Tuesday;276.57142857142856;253.28571428571428;5598.571428571428;5666.928571428572;4714.0;388.0
26;2020-06-24;Brazil;SP;TOTAL;284;13352;9347;238822;13352;238822;29.07726;520.09352;0.05591;49295.0;246850.0;602384.0;1311.83901;6;Wednesday;261.57142857142856;249.28571428571428;6757.857142857143;5893.285714285715;1845.0;-150.0
26;2020-06-25;Brazil;SP;TOTAL;407;13759;9765;248587;13759;248587;29.9636;541.35921;0.05535;49295.0;257900.0;602384.0;1311.83901;6;Thursday;273.2857142857143;258.14285714285717;7994.142857142857;6147.642857142857;418.0;123.0
26;2020-06-26;Brazil;SP;TOTAL;207;13966;9921;258508;13966;258508;30.41439;562.96462;0.05403;49295.0;257900.0;602384.0;1311.83901;6;Friday;247.71428571428572;257.0;6692.857142857143;6472.0;156.0;-200.0
26;2020-06-27;Brazil;SP;TOTAL;297;14263;7073;265581;14263;265581;31.06118;578.36781;0.0537;49295.0;257900.0;602384.0;1311.83901;6;Saturday;252.71428571428572;263.0;7112.571428571428;6621.857142857143;-2848.0;90.0
27;2020-06-28;Brazil;SP;TOTAL;75;14338;6156;271737;14338;271737;31.22451;591.77402;0.05276;49295.0;257900.0;602384.0;1311.83901;6;Sunday;250.0;260.2857142857143;7507.428571428572;6681.071428571428;-917.0;-222.0
27;2020-06-29;Brazil;SP;TOTAL;60;14398;3408;275145;14398;275145;31.35518;599.19577;0.05233;49295.0;257900.0;602384.0;1311.83901;6;Monday;252.0;259.35714285714283;7596.0;6691.785714285715;-2748.0;-15.0
27;2020-06-30;Brazil;SP;TOTAL;365;14763;6235;281380;14763;281380;32.15006;612.77401;0.05247;49295.0;263250.0;602384.0;1311.83901;6;Tuesday;242.14285714285714;259.35714285714283;7415.0;6506.785714285715;2827.0;305.0
27;2020-07-01;Brazil;SP;TOTAL;267;15030;8555;289935;15030;289935;32.73151;631.40463;0.05184;157845.0;263250.0;602384.0;1311.83901;7;Wednesday;239.71428571428572;250.64285714285714;7301.857142857143;7029.857142857143;2320.0;-98.0
27;2020-07-02;Brazil;SP;TOTAL;321;15351;12244;302179;15351;302179;33.43057;658.06894;0.0508;162851.0;263250.0;602384.0;1311.83901;7;Thursday;227.42857142857142;250.35714285714286;7656.0;7825.071428571428;3689.0;54.0
27;2020-07-03;Brazil;SP;TOTAL;343;15694;8523;310702;15694;310702;34.17754;676.62987;0.05051;162851.0;272384.0;602384.0;1311.83901;7;Friday;246.85714285714286;247.28571428571428;7456.285714285715;7074.571428571428;-3721.0;22.0
27;2020-07-04;Brazil;SP;TOTAL;302;15996;1828;312530;15996;312530;34.83522;680.61079;0.05118;174289.0;277156.0;602384.0;1311.83901;7;Saturday;247.57142857142858;250.14285714285714;6707.0;6909.785714285715;-6695.0;-41.0
28;2020-07-05;Brazil;SP;TOTAL;82;16078;7649;320179;16078;320179;35.01379;697.26836;0.05022;175439.0;277156.0;602384.0;1311.83901;7;Sunday;248.57142857142858;249.28571428571428;6920.285714285715;7213.857142857143;5821.0;-220.0
28;2020-07-06;Brazil;SP;TOTAL;56;16134;2891;323070;16134;323070;35.13575;703.56422;0.04994;176494.0;281088.0;602384.0;1311.83901;7;Monday;248.0;250.0;6846.428571428572;7221.214285714285;-4758.0;-26.0
28;2020-07-07;Brazil;SP;TOTAL;341;16475;9638;332708;16475;332708;35.87836;724.55333;0.04952;194958.0;288903.0;602384.0;1311.83901;7;Tuesday;244.57142857142858;243.35714285714286;7332.571428571428;7373.785714285715;6747.0;285.0
28;2020-07-08;Brazil;SP;TOTAL;313;16788;8657;341365;16788;341365;36.55999;743.40608;0.04918;199005.0;288903.0;1000000.0;2177.74545;7;Wednesday;251.14285714285714;245.42857142857142;7347.142857142857;7324.5;-981.0;-28.0
28;2020-07-09;Brazil;SP;TOTAL;330;17118;8350;349715;17118;349715;37.27865;761.59025;0.04895;202967.0;288903.0;1000000.0;2177.74545;7;Thursday;252.42857142857142;239.92857142857142;6790.857142857143;7223.428571428572;-307.0;17.0
28;2020-07-10;Brazil;SP;TOTAL;324;17442;9395;359110;17442;359110;37.98424;782.05017;0.04857;204531.0;300194.0;1000000.0;2177.74545;7;Friday;249.71428571428572;248.28571428571428;6915.428571428572;7185.857142857143;1045.0;-6.0
28;2020-07-11;Brazil;SP;TOTAL;260;17702;7780;366890;17702;366890;38.55045;798.99303;0.04825;211777.0;300194.0;1000000.0;2177.74545;7;Saturday;243.71428571428572;245.64285714285714;7765.714285714285;7236.357142857143;-1615.0;-64.0
29;2020-07-12;Brazil;SP;TOTAL;146;17848;5107;371997;17848;371997;38.8684;810.11477;0.04798;220974.0;300021.0;1000000.0;2177.74545;7;Sunday;252.85714285714286;250.71428571428572;7402.571428571428;7161.428571428572;-2673.0;-114.0
29;2020-07-13;Brazil;SP;TOTAL;59;17907;2610;374607;17907;374607;38.99689;815.79869;0.0478;230680.0;300123.0;1000000.0;2177.74545;7;Monday;253.28571428571428;250.64285714285714;7362.428571428572;7104.428571428572;-2497.0;-87.0
29;2020-07-14;Brazil;SP;TOTAL;417;18324;12000;386607;18324;386607;39.90501;841.93163;0.0474;240184.0;300101.0;1000000.0;2177.74545;7;Tuesday;264.14285714285717;254.35714285714286;7699.857142857143;7516.214285714285;9390.0;358.0
29;2020-07-15;Brazil;SP;TOTAL;316;18640;6569;393176;18640;393176;40.59318;856.23724;0.04741;246941.0;299973.0;1000000.0;2177.74545;7;Wednesday;264.57142857142856;257.85714285714283;7401.571428571428;7374.357142857143;-5431.0;-101.0
29;2020-07-16;Brazil;SP;TOTAL;398;19038;8872;402048;19038;402048;41.45992;875.5582;0.04735;252699.0;299973.0;1158851.0;2523.68249;7;Thursday;274.2857142857143;263.35714285714283;7476.142857142857;7133.5;2303.0;82.0
29;2020-07-17;Brazil;SP;TOTAL;339;19377;5367;407415;19377;407415;42.19817;887.24616;0.04756;255768.0;299973.0;1158851.0;2523.68249;7;Friday;276.42857142857144;263.07142857142856;6900.714285714285;6908.071428571428;-3505.0;-59.0
29;2020-07-18;Brazil;SP;TOTAL;270;19647;4612;412027;19647;412027;42.78616;897.28992;0.04768;255768.0;299973.0;1158851.0;2523.68249;7;Saturday;277.85714285714283;260.7857142857143;6448.142857142857;7106.928571428572;-755.0;-69.0
30;2020-07-19;Brazil;SP;TOTAL;85;19732;3022;415049;19732;415049;42.97127;903.87107;0.04754;270203.0;299973.0;1158851.0;2523.68249;7;Sunday;269.14285714285717;261.0;6150.285714285715;6776.428571428572;-1590.0;-185.0
30;2020-07-20;Brazil;SP;TOTAL;56;19788;1385;416434;19788;416434;43.09323;906.88725;0.04752;282391.0;299540.0;1158851.0;2523.68249;7;Monday;268.7142857142857;261.0;5975.285714285715;6668.857142857143;-1637.0;-29.0
30;2020-07-21;Brazil;SP;TOTAL;383;20171;6235;422669;20171;422669;43.9273;920.46549;0.04772;290346.0;299512.0;1158851.0;2523.68249;7;Tuesday;263.85714285714283;264.0;5151.714285714285;6425.785714285715;4850.0;327.0
30;2020-07-22;Brazil;SP;TOTAL;361;20532;16777;439446;20532;439446;44.71347;957.00153;0.04672;299647.0;299512.0;1158851.0;2523.68249;7;Wednesday;270.2857142857143;267.42857142857144;6610.0;7005.785714285715;10542.0;-22.0
30;2020-07-23;Brazil;SP;TOTAL;362;20894;12561;452007;20894;452007;45.50181;984.35619;0.04622;302176.0;325593.0;1158851.0;2523.68249;7;Thursday;265.14285714285717;269.7142857142857;7137.0;7306.571428571428;-4216.0;1.0
30;2020-07-24;Brazil;SP;TOTAL;312;21206;11211;463218;21206;463218;46.18127;1008.77089;0.04578;311502.0;329173.0;1158851.0;2523.68249;7;Friday;261.2857142857143;268.85714285714283;7971.857142857143;7436.285714285715;-1350.0;-50.0
30;2020-07-25;Brazil;SP;TOTAL;311;21517;16263;479481;21517;479481;46.85855;1044.18757;0.04488;319848.0;329173.0;1158851.0;2523.68249;7;Saturday;267.14285714285717;272.5;9636.285714285714;8042.214285714285;5052.0;-1.0
31;2020-07-26;Brazil;SP;TOTAL;89;21606;4501;483982;21606;483982;47.05237;1053.9896;0.04464;328109.0;333078.0;1158851.0;2523.68249;7;Sunday;267.7142857142857;268.42857142857144;9847.57142857143;7998.928571428572;-11762.0;-222.0
31;2020-07-27;Brazil;SP;TOTAL;70;21676;3672;487654;21676;487654;47.20481;1061.98628;0.04445;337434.0;333078.0;1158851.0;2523.68249;7;Monday;269.7142857142857;269.2142857142857;10174.285714285714;8074.785714285715;-829.0;-19.0
31;2020-07-28;Brazil;SP;TOTAL;383;22059;12647;500301;21676;487654;48.03889;1089.52823;0.04409;337434.0;334977.0;1158851.0;2523.68249;7;Tuesday;269.7142857142857;266.7857142857143;11090.285714285714;8121.0;8975.0;313.0
31;2020-07-29;Brazil;SP;TOTAL;330;22389;13896;514197;22389;514197;48.75754;1119.79018;0.04354;344501.0;340112.0;1158851.0;2523.68249;7;Wednesday;265.2857142857143;267.7857142857143;10678.714285714286;8644.357142857143;1249.0;-53.0
31;2020-07-30;Brazil;SP;TOTAL;321;22710;14809;529006;22710;529006;49.4566;1152.04041;0.04293;349287.0;340112.0;1788225.0;3894.29886;7;Thursday;259.42857142857144;262.2857142857143;10999.857142857143;9068.42857142857;913.0;-9.0
31;2020-07-31;Brazil;SP;TOTAL;287;22997;13298;542304;22997;542304;50.08161;1181.00007;0.04241;351610.0;340112.0;1788225.0;3894.29886;7;Friday;255.85714285714286;258.57142857142856;11298.0;9634.92857142857;-1511.0;-34.0
